fiscal_year,prefecture,hourly_min_wage,effective_date,source_url
2025,三重県,1087,2025-11-21,https://www.mhlw.go.jp/content/10200000/001646434.pdf
2025,京都府,1122,2025-11-21,https://www.mhlw.go.jp/content/10200000/001646434.pdf
2025,佐賀県,1030,2025-11-21,https://www.mhlw.go.jp/content/10200000/001646434.pdf
2025,兵庫県,1116,2025-10-04,https://www.mhlw.go.jp/content/10200000/001646434.pdf
2025,北海道,1075,2025-10-04,https://www.mhlw.go.jp/content/10200000/001646434.pdf
2025,千葉県,1140,2025-10-03,https://www.mhlw.go.jp/content/10200000/001646434.pdf
2025,和歌山県,1045,2025-11-01,https://www.mhlw.go.jp/content/10200000/001646434.pdf
2025,埼玉県,1141,2025-11-01,https://www.mhlw.go.jp/content/10200000/001646434.pdf
2025,大分県,1035,2026-01-01,https://www.mhlw.go.jp/content/10200000/001646434.pdf
2025,大阪府,1177,2025-10-16,https://www.mhlw.go.jp/content/10200000/001646434.pdf
2025,奈良県,1051,2025-11-16,https://www.mhlw.go.jp/content/10200000/001646434.pdf
2025,宮城県,1038,2025-10-04,https://www.mhlw.go.jp/content/10200000/001646434.pdf
2025,宮崎県,1023,2025-11-16,https://www.mhlw.go.jp/content/10200000/001646434.pdf
2025,富山県,1062,2025-10-12,https://www.mhlw.go.jp/content/10200000/001646434.pdf
2025,山口県,1043,2025-10-16,https://www.mhlw.go.jp/content/10200000/001646434.pdf
2025,山形県,1032,2025-12-23,https://www.mhlw.go.jp/content/10200000/001646434.pdf
2025,山梨県,1052,2025-12-01,https://www.mhlw.go.jp/content/10200000/001646434.pdf
2025,岐阜県,1065,2025-10-18,https://www.mhlw.go.jp/content/10200000/001646434.pdf
2025,岡山県,1047,2025-12-01,https://www.mhlw.go.jp/content/10200000/001646434.pdf
2025,岩手県,1031,2025-12-01,https://www.mhlw.go.jp/content/10200000/001646434.pdf
2025,島根県,1033,2025-11-17,https://www.mhlw.go.jp/content/10200000/001646434.pdf
2025,広島県,1085,2025-11-01,https://www.mhlw.go.jp/content/10200000/001646434.pdf
2025,徳島県,1046,2026-01-01,https://www.mhlw.go.jp/content/10200000/001646434.pdf
2025,愛媛県,1033,2025-12-01,https://www.mhlw.go.jp/content/10200000/001646434.pdf
2025,愛知県,1140,2025-10-18,https://www.mhlw.go.jp/content/10200000/001646434.pdf
2025,新潟県,1050,2025-10-02,https://www.mhlw.go.jp/content/10200000/001646434.pdf
2025,東京都,1226,2025-10-03,https://www.mhlw.go.jp/content/10200000/001646434.pdf
2025,栃木県,1068,2025-10-01,https://www.mhlw.go.jp/content/10200000/001646434.pdf
2025,沖縄県,1023,2025-12-01,https://www.mhlw.go.jp/content/10200000/001646434.pdf
2025,滋賀県,1080,2025-10-05,https://www.mhlw.go.jp/content/10200000/001646434.pdf
2025,熊本県,1034,2026-01-01,https://www.mhlw.go.jp/content/10200000/001646434.pdf
2025,石川県,1054,2025-10-08,https://www.mhlw.go.jp/content/10200000/001646434.pdf
2025,神奈川県,1225,2025-10-04,https://www.mhlw.go.jp/content/10200000/001646434.pdf
2025,福井県,1053,2025-10-08,https://www.mhlw.go.jp/content/10200000/001646434.pdf
2025,福岡県,1057,2025-11-16,https://www.mhlw.go.jp/content/10200000/001646434.pdf
2025,福島県,1033,2026-01-01,https://www.mhlw.go.jp/content/10200000/001646434.pdf
2025,秋田県,1031,2026-03-31,https://www.mhlw.go.jp/content/10200000/001646434.pdf
2025,群馬県,1063,2026-03-01,https://www.mhlw.go.jp/content/10200000/001646434.pdf
2025,茨城県,1074,2025-10-12,https://www.mhlw.go.jp/content/10200000/001646434.pdf
2025,長崎県,1031,2025-12-01,https://www.mhlw.go.jp/content/10200000/001646434.pdf
2025,長野県,1061,2025-10-03,https://www.mhlw.go.jp/content/10200000/001646434.pdf
2025,青森県,1029,2025-11-21,https://www.mhlw.go.jp/content/10200000/001646434.pdf
2025,静岡県,1097,2025-11-01,https://www.mhlw.go.jp/content/10200000/001646434.pdf
2025,香川県,1036,2025-10-18,https://www.mhlw.go.jp/content/10200000/001646434.pdf
2025,高知県,1023,2025-12-01,https://www.mhlw.go.jp/content/10200000/001646434.pdf
2025,鳥取県,1030,2025-10-04,https://www.mhlw.go.jp/content/10200000/001646434.pdf
2025,鹿児島県,1026,2025-11-01,https://www.mhlw.go.jp/content/10200000/001646434.pdf
2026,三重県,1143,2026-10-01,https://saiteichingin.mhlw.go.jp/table/page_list_nationallist.php
2026,京都府,1180,2026-11-16,https://saiteichingin.mhlw.go.jp/table/page_list_nationallist.php
2026,佐賀県,1095,2026-11-15,https://saiteichingin.mhlw.go.jp/table/page_list_nationallist.php
2026,兵庫県,1172,2026-10-01,https://saiteichingin.mhlw.go.jp/table/page_list_nationallist.php
2026,北海道,1131,2026-10-01,https://saiteichingin.mhlw.go.jp/table/page_list_nationallist.php
2026,千葉県,1195,2026-10-01,https://saiteichingin.mhlw.go.jp/table/page_list_nationallist.php
2026,和歌山県,1101,2026-10-03,https://saiteichingin.mhlw.go.jp/table/page_list_nationallist.php
2026,埼玉県,1196,2026-10-01,https://saiteichingin.mhlw.go.jp/table/page_list_nationallist.php
2026,大分県,1096,2026-11-01,https://saiteichingin.mhlw.go.jp/table/page_list_nationallist.php
2026,大阪府,1231,2026-10-01,https://saiteichingin.mhlw.go.jp/table/page_list_nationallist.php
2026,奈良県,1107,2026-10-04,https://saiteichingin.mhlw.go.jp/table/page_list_nationallist.php
2026,宮城県,1098,2026-10-01,https://saiteichingin.mhlw.go.jp/table/page_list_nationallist.php
2026,宮崎県,1085,2026-10-24,https://saiteichingin.mhlw.go.jp/table/page_list_nationallist.php
2026,富山県,1119,2026-10-01,https://saiteichingin.mhlw.go.jp/table/page_list_nationallist.php
2026,山口県,1101,2026-10-08,https://saiteichingin.mhlw.go.jp/table/page_list_nationallist.php
2026,山形県,1092,2026-10-30,https://saiteichingin.mhlw.go.jp/table/page_list_nationallist.php
2026,山梨県,1113,2026-11-01,https://saiteichingin.mhlw.go.jp/table/page_list_nationallist.php
2026,岐阜県,1121,2026-10-01,https://saiteichingin.mhlw.go.jp/table/page_list_nationallist.php
2026,岡山県,1104,2026-10-02,https://saiteichingin.mhlw.go.jp/table/page_list_nationallist.php
2026,岩手県,1090,2026-12-01,https://saiteichingin.mhlw.go.jp/table/page_list_nationallist.php
2026,島根県,1092,2026-10-10,https://saiteichingin.mhlw.go.jp/table/page_list_nationallist.php
2026,広島県,1141,2026-10-11,https://saiteichingin.mhlw.go.jp/table/page_list_nationallist.php
2026,徳島県,1103,2026-11-01,https://saiteichingin.mhlw.go.jp/table/page_list_nationallist.php
2026,愛媛県,1093,2026-11-01,https://saiteichingin.mhlw.go.jp/table/page_list_nationallist.php
2026,愛知県,1195,2026-10-01,https://saiteichingin.mhlw.go.jp/table/page_list_nationallist.php
2026,新潟県,1108,2026-10-01,https://saiteichingin.mhlw.go.jp/table/page_list_nationallist.php
2026,東京都,1280,2026-10-01,https://saiteichingin.mhlw.go.jp/table/page_list_nationallist.php
2026,栃木県,1125,2026-10-01,https://saiteichingin.mhlw.go.jp/table/page_list_nationallist.php
2026,沖縄県,1086,2026-12-02,https://saiteichingin.mhlw.go.jp/table/page_list_nationallist.php
2026,滋賀県,1136,2026-10-03,https://saiteichingin.mhlw.go.jp/table/page_list_nationallist.php
2026,熊本県,1092,2026-12-01,https://saiteichingin.mhlw.go.jp/table/page_list_nationallist.php
2026,石川県,1113,2026-10-03,https://saiteichingin.mhlw.go.jp/table/page_list_nationallist.php
2026,神奈川県,1279,2026-10-01,https://saiteichingin.mhlw.go.jp/table/page_list_nationallist.php
2026,福井県,1112,2026-10-04,https://saiteichingin.mhlw.go.jp/table/page_list_nationallist.php
2026,福岡県,1114,2026-10-04,https://saiteichingin.mhlw.go.jp/table/page_list_nationallist.php
2026,福島県,1094,2026-10-16,https://saiteichingin.mhlw.go.jp/table/page_list_nationallist.php
2026,秋田県,1090,2026-10-14,https://saiteichingin.mhlw.go.jp/table/page_list_nationallist.php
2026,群馬県,1120,2026-10-03,https://saiteichingin.mhlw.go.jp/table/page_list_nationallist.php
2026,茨城県,1136,2026-10-18,https://saiteichingin.mhlw.go.jp/table/page_list_nationallist.php
2026,長崎県,1087,2026-11-02,https://saiteichingin.mhlw.go.jp/table/page_list_nationallist.php
2026,長野県,1117,2026-10-02,https://saiteichingin.mhlw.go.jp/table/page_list_nationallist.php
2026,青森県,1090,2026-10-29,https://saiteichingin.mhlw.go.jp/table/page_list_nationallist.php
2026,静岡県,1154,2026-10-15,https://saiteichingin.mhlw.go.jp/table/page_list_nationallist.php
2026,香川県,1092,2026-10-01,https://saiteichingin.mhlw.go.jp/table/page_list_nationallist.php
2026,高知県,1086,2026-10-29,https://saiteichingin.mhlw.go.jp/table/page_list_nationallist.php
2026,鳥取県,1090,2026-10-03,https://saiteichingin.mhlw.go.jp/table/page_list_nationallist.php
2026,鹿児島県,1090,2026-10-25,https://saiteichingin.mhlw.go.jp/table/page_list_nationallist.php
